Time,Amplitude,Frequency,Label
0,68.88,8.27,Seizure
1,69.49,10.12,Seizure
2,56.23,8.91,Seizure
3,60.1,10.75,Seizure
4,86.44,10.6,Seizure
5,58.42,10.37,Seizure
6,58.08,8.92,Seizure
7,75.63,9.39,Seizure
8,53.93,8.42,Seizure
9,77.47,11.61,Seizure
10,72.31,9.09,Seizure
11,61.71,8.03,Seizure
12,97.25,10.15,Seizure
13,51.7,10.15,Seizure
14,96.26,11.62,Seizure
15,56.64,8.02,Seizure
16,97.98,10.92,Seizure
17,85.8,11.69,Seizure
18,96.04,10.05,Seizure
19,69.31,10.87,Seizure
20,69.18,10.76,Seizure
21,66.92,8.22,Seizure
22,75.66,11.54,Seizure
23,75.75,9.91,Seizure
24,58.79,11.57,Seizure
25,70.04,9.08,Seizure
26,95.83,11.43,Seizure
27,86.56,9.81,Seizure
28,84.71,11.57,Seizure
29,63.47,10.3,Seizure
30,76.75,11.05,Seizure
31,54.24,9.25,Seizure
32,85.45,9.95,Seizure
33,57.09,8.54,Seizure
34,67.05,11.62,Seizure
35,59.71,11.3,Seizure
36,92.1,10.06,Seizure
37,87.78,8.18,Seizure
38,93.74,10.65,Seizure
39,58.77,11.07,Seizure
40,87.25,8.3,Seizure
41,62.04,8.6,Seizure
42,93.81,10.9,Seizure
43,72.79,11.02,Seizure
44,78.19,8.9,Seizure
45,55.01,8.34,Seizure
46,77.57,10.16,Seizure
47,93.51,10.99,Seizure
48,75.98,8.16,Seizure
49,92.93,10.84,Seizure
50,88.44,8.73,Seizure
51,75.05,10.82,Seizure
52,91.26,9.85,Seizure
53,93.16,9.12,Seizure
54,82.37,8.22,Seizure
55,94.25,8.1,Seizure
56,61.12,10.97,Seizure
57,57.21,11.42,Seizure
58,59.88,8.24,Seizure
59,90.38,10.92,Seizure
60,78.8,8.59,Seizure
61,61.2,9.43,Seizure
62,94.47,8.27,Seizure
63,66.56,9.31,Seizure
64,86.1,8.78,Seizure
65,81.17,10.18,Seizure
66,82.14,10.42,Seizure
67,69.33,11.57,Seizure
68,80.65,10.42,Seizure
69,82.39,11.45,Seizure
70,65.17,9.75,Seizure
71,97.25,11.28,Seizure
72,76.24,8.93,Seizure
73,62.31,10.07,Seizure
74,68.1,8.77,Seizure
75,68.76,9.94,Seizure
76,62.96,9.02,Seizure
77,86.66,8.47,Seizure
78,85.75,11.31,Seizure
79,85.6,11.81,Seizure
80,77.98,10.22,Seizure
81,75.53,9.97,Seizure
82,87.51,11.91,Seizure
83,76.78,8.77,Seizure
84,50.81,11.7,Seizure
85,74.39,11.13,Seizure
86,96.23,9.22,Seizure
87,66.13,10.58,Seizure
88,87.68,9.14,Seizure
89,73.14,11.22,Seizure
90,51.66,8.54,Seizure
91,82.31,11.58,Seizure
92,56.93,9.99,Seizure
93,89.75,8.36,Seizure
94,52.85,8.42,Seizure
95,88.54,11.82,Seizure
96,53.22,11.99,Seizure
97,74.12,10.87,Seizure
98,63.2,11.26,Seizure
99,52.35,8.44,Seizure
100,87.08,10.87,Seizure
101,70.67,10.66,Seizure
102,71.88,10.22,Seizure
103,84.75,11.45,Seizure
104,83.1,10.51,Seizure
105,66.32,8.55,Seizure
106,99.05,8.38,Seizure
107,91.99,9.67,Seizure
108,51.03,10.76,Seizure
109,57.05,9.9,Seizure
110,89.45,11.37,Seizure
111,67.65,9.54,Seizure
112,94.15,10.26,Seizure
113,66.98,8.02,Seizure
114,60.76,8.19,Seizure
115,71.32,10.63,Seizure
116,99.94,9.89,Seizure
117,95.08,11.38,Seizure
118,84.04,11.42,Seizure
119,61.9,9.29,Seizure
120,84.22,10.4,Seizure
121,51.98,8.76,Seizure
122,77.94,9.04,Seizure
123,93.46,11.73,Seizure
124,91.43,8.58,Seizure
125,92.71,11.42,Seizure
126,65.78,9.28,Seizure
127,59.26,9.15,Seizure
128,66.4,11.45,Seizure
129,59.35,8.26,Seizure
130,73.21,11.75,Seizure
131,74.17,9.17,Seizure
132,64.57,8.45,Seizure
133,50.5,9.84,Seizure
134,85.4,9.72,Seizure
135,95.1,10.37,Seizure
136,71.94,11.11,Seizure
137,90.24,8.96,Seizure
138,62.77,11.83,Seizure
139,68.37,8.37,Seizure
140,85.62,11.24,Seizure
141,51.74,10.41,Seizure
142,95.47,9.44,Seizure
143,61.51,9.81,Seizure
144,58.92,8.19,Seizure
145,67.55,8.11,Seizure
146,87.33,8.09,Seizure
147,83.84,9.59,Seizure
148,94.52,9.46,Seizure
149,70.87,11.12,Seizure
150,97.83,9.5,Seizure
151,64.51,8.69,Seizure
152,96.74,11.13,Seizure
153,80.63,9.33,Seizure
154,57.88,9.24,Seizure
155,90.16,8.63,Seizure
156,61.51,8.05,Seizure
157,64.62,9.33,Seizure
158,91.19,11.53,Seizure
159,86.91,11.65,Seizure
160,76.15,8.5,Seizure
161,58.83,10.03,Seizure
162,94.11,10.76,Seizure
163,72.73,9.24,Seizure
164,70.54,10.31,Seizure
165,96.84,9.63,Seizure
166,63.5,11.32,Seizure
167,57.51,9.84,Seizure
168,92.78,9.13,Seizure
169,82.45,8.69,Seizure
170,90.74,8.93,Seizure
171,90.2,8.69,Seizure
172,55.91,9.88,Seizure
173,94.52,10.43,Seizure
174,89.99,9.43,Seizure
175,66.16,9.23,Seizure
176,62.99,10.14,Seizure
177,97.6,9.02,Seizure
178,92.4,10.14,Seizure
179,99.96,8.05,Seizure
180,66.91,9.9,Seizure
181,73.13,8.95,Seizure
182,77.18,11.74,Seizure
183,50.79,10.54,Seizure
184,58.43,9.21,Seizure
185,54.5,9.71,Seizure
186,94.58,9.61,Seizure
187,88.27,10.69,Seizure
188,52.27,10.71,Seizure
189,58.13,11.64,Seizure
190,96.5,9.08,Seizure
191,50.59,11.37,Seizure
192,63.76,9.66,Seizure
193,72.65,11.98,Seizure
194,80.47,8.8,Seizure
195,55.36,11.38,Seizure
196,85.02,9.98,Seizure
197,86.22,8.61,Seizure
198,78.48,11.55,Seizure
199,72.62,9.36,Seizure
200,24.65,4.81,Theta Wave
201,37.83,12.3,Alpha Wave
202,26.38,4.01,Theta Wave
203,36.33,8.69,Alpha Wave
204,24.53,7.32,Theta Wave
205,39.79,10.35,Alpha Wave
206,36.56,11.66,Alpha Wave
207,38.17,10.84,Alpha Wave
208,23.82,6.28,Theta Wave
209,32.52,9.69,Alpha Wave
210,34.4,8.49,Alpha Wave
211,32.14,8.63,Alpha Wave
212,34.79,8.25,Alpha Wave
213,35.42,10.0,Alpha Wave
214,28.26,5.96,Theta Wave
215,28.28,4.55,Theta Wave
216,27.72,4.44,Theta Wave
217,22.07,6.61,Theta Wave
218,31.68,9.17,Alpha Wave
219,35.99,8.53,Alpha Wave
220,31.36,12.2,Alpha Wave
221,22.27,7.34,Theta Wave
222,25.65,4.4,Theta Wave
223,27.96,5.37,Theta Wave
224,22.22,5.32,Theta Wave
225,20.6,5.11,Theta Wave
226,34.19,8.58,Alpha Wave
227,26.42,5.97,Theta Wave
228,21.0,7.14,Theta Wave
229,37.71,9.87,Alpha Wave
230,28.67,6.43,Theta Wave
231,23.94,5.09,Theta Wave
232,36.13,8.54,Alpha Wave
233,27.1,7.48,Theta Wave
234,29.74,4.97,Theta Wave
235,32.28,8.04,Alpha Wave
236,29.46,4.59,Theta Wave
237,39.65,9.38,Alpha Wave
238,32.66,10.89,Alpha Wave
239,37.03,12.35,Alpha Wave
240,22.44,4.51,Theta Wave
241,24.21,4.97,Theta Wave
242,24.83,7.01,Theta Wave
243,30.43,12.16,Alpha Wave
244,29.4,4.01,Theta Wave
245,33.88,9.84,Alpha Wave
246,21.08,7.0,Theta Wave
247,39.52,9.97,Alpha Wave
248,33.65,11.19,Alpha Wave
249,28.58,7.0,Theta Wave
250,21.98,5.4,Theta Wave
251,34.63,10.31,Alpha Wave
252,31.45,10.95,Alpha Wave
253,38.54,11.54,Alpha Wave
254,26.16,6.19,Theta Wave
255,22.75,5.06,Theta Wave
256,27.41,7.44,Theta Wave
257,28.64,7.72,Theta Wave
258,32.1,9.13,Alpha Wave
259,37.13,9.9,Alpha Wave
260,26.21,4.27,Theta Wave
261,26.48,7.61,Theta Wave
262,27.59,7.57,Theta Wave
263,32.04,8.37,Alpha Wave
264,38.91,10.86,Alpha Wave
265,24.65,6.84,Theta Wave
266,27.95,4.71,Theta Wave
267,35.83,12.17,Alpha Wave
268,35.92,12.46,Alpha Wave
269,20.93,5.41,Theta Wave
270,39.0,12.76,Alpha Wave
271,35.96,10.75,Alpha Wave
272,39.48,12.41,Alpha Wave
273,22.89,6.28,Theta Wave
274,39.58,10.66,Alpha Wave
275,22.24,6.57,Theta Wave
276,21.88,5.04,Theta Wave
277,28.08,6.74,Theta Wave
278,35.21,10.91,Alpha Wave
279,25.37,4.03,Theta Wave
280,32.36,12.23,Alpha Wave
281,39.41,8.53,Alpha Wave
282,39.02,11.36,Alpha Wave
283,29.6,6.21,Theta Wave
284,39.02,12.89,Alpha Wave
285,36.65,11.05,Alpha Wave
286,26.07,5.64,Theta Wave
287,38.3,9.14,Alpha Wave
288,28.67,5.78,Theta Wave
289,29.98,5.84,Theta Wave
290,39.36,10.54,Alpha Wave
291,39.63,8.02,Alpha Wave
292,26.47,6.73,Theta Wave
293,22.13,5.47,Theta Wave
294,33.52,8.49,Alpha Wave
295,34.23,8.69,Alpha Wave
296,30.96,12.6,Alpha Wave
297,26.06,7.17,Theta Wave
298,33.61,11.07,Alpha Wave
299,35.95,12.12,Alpha Wave
300,27.29,4.54,Theta Wave
301,37.01,9.98,Alpha Wave
302,35.79,13.0,Alpha Wave
303,30.7,12.8,Alpha Wave
304,24.55,5.54,Theta Wave
305,26.98,5.13,Theta Wave
306,24.42,4.79,Theta Wave
307,25.92,4.12,Theta Wave
308,28.88,7.31,Theta Wave
309,37.67,12.03,Alpha Wave
310,29.27,4.38,Theta Wave
311,28.73,4.79,Theta Wave
312,22.55,5.5,Theta Wave
313,28.48,6.07,Theta Wave
314,23.55,4.12,Theta Wave
315,29.49,5.08,Theta Wave
316,24.92,6.92,Theta Wave
317,38.63,11.16,Alpha Wave
318,37.09,9.22,Alpha Wave
319,24.27,6.77,Theta Wave
320,29.9,5.98,Theta Wave
321,35.81,8.76,Alpha Wave
322,27.33,7.96,Theta Wave
323,34.84,8.46,Alpha Wave
324,34.87,11.4,Alpha Wave
325,34.73,9.03,Alpha Wave
326,34.79,9.14,Alpha Wave
327,25.86,5.24,Theta Wave
328,26.35,6.76,Theta Wave
329,21.11,7.42,Theta Wave
330,33.07,8.63,Alpha Wave
331,31.86,12.87,Alpha Wave
332,30.27,11.83,Alpha Wave
333,32.94,12.26,Alpha Wave
334,26.25,4.52,Theta Wave
335,37.81,11.43,Alpha Wave
336,21.36,5.24,Theta Wave
337,38.91,10.93,Alpha Wave
338,36.79,10.11,Alpha Wave
339,22.77,6.51,Theta Wave
340,33.66,11.57,Alpha Wave
341,22.13,5.85,Theta Wave
342,21.74,5.27,Theta Wave
343,35.16,10.26,Alpha Wave
344,34.74,8.97,Alpha Wave
345,27.35,5.1,Theta Wave
346,22.42,7.68,Theta Wave
347,20.39,5.02,Theta Wave
348,28.01,6.21,Theta Wave
349,22.54,7.03,Theta Wave
350,22.81,5.14,Theta Wave
351,28.27,5.45,Theta Wave
352,35.41,8.52,Alpha Wave
353,35.07,11.91,Alpha Wave
354,36.52,10.95,Alpha Wave
355,37.12,12.39,Alpha Wave
356,22.31,6.88,Theta Wave
357,24.34,4.85,Theta Wave
358,32.9,10.85,Alpha Wave
359,32.23,8.12,Alpha Wave
360,30.4,12.22,Alpha Wave
361,34.8,8.73,Alpha Wave
362,29.81,4.6,Theta Wave
363,22.11,7.09,Theta Wave
364,28.96,6.69,Theta Wave
365,24.9,6.29,Theta Wave
366,34.59,12.02,Alpha Wave
367,30.83,12.81,Alpha Wave
368,39.46,9.47,Alpha Wave
369,21.4,6.17,Theta Wave
370,22.12,5.29,Theta Wave
371,38.42,8.69,Alpha Wave
372,21.13,4.54,Theta Wave
373,34.59,12.46,Alpha Wave
374,21.4,5.98,Theta Wave
375,31.42,8.56,Alpha Wave
376,22.94,6.53,Theta Wave
377,25.59,4.17,Theta Wave
378,22.87,5.69,Theta Wave
379,25.45,7.7,Theta Wave
380,22.26,7.0,Theta Wave
381,24.95,7.73,Theta Wave
382,38.09,10.88,Alpha Wave
383,23.78,6.8,Theta Wave
384,35.94,8.98,Alpha Wave
385,28.67,7.27,Theta Wave
386,30.26,9.34,Alpha Wave
387,39.65,9.21,Alpha Wave
388,28.23,5.07,Theta Wave
389,24.79,5.34,Theta Wave
390,24.72,4.54,Theta Wave
391,21.33,7.87,Theta Wave
392,33.23,11.98,Alpha Wave
393,32.46,11.28,Alpha Wave
394,27.97,7.05,Theta Wave
395,24.63,6.4,Theta Wave
396,32.65,8.1,Alpha Wave
397,32.5,9.16,Alpha Wave
398,30.31,8.97,Alpha Wave
399,29.32,6.4,Theta Wave
400,60.5,10.57,Seizure
401,78.73,8.36,Seizure
402,64.93,10.79,Seizure
403,74.98,10.82,Seizure
404,72.65,9.72,Seizure
405,96.27,9.75,Seizure
406,68.18,10.81,Seizure
407,76.15,10.3,Seizure
408,96.94,10.87,Seizure
409,97.02,8.5,Seizure
410,84.38,11.61,Seizure
411,65.06,8.49,Seizure
412,66.04,10.52,Seizure
413,92.85,9.84,Seizure
414,70.6,10.76,Seizure
415,94.33,11.54,Seizure
416,77.96,8.05,Seizure
417,73.41,9.02,Seizure
418,62.49,8.57,Seizure
419,63.04,8.05,Seizure
420,57.55,10.7,Seizure
421,93.17,11.1,Seizure
422,51.99,11.6,Seizure
423,74.1,11.05,Seizure
424,99.53,11.04,Seizure
425,62.31,11.84,Seizure
426,99.92,8.79,Seizure
427,88.01,9.95,Seizure
428,64.57,11.15,Seizure
429,65.73,9.27,Seizure
430,70.27,11.57,Seizure
431,54.21,9.87,Seizure
432,87.75,11.08,Seizure
433,77.83,11.74,Seizure
434,56.46,11.61,Seizure
435,59.24,11.32,Seizure
436,67.17,8.49,Seizure
437,58.96,10.47,Seizure
438,70.62,10.77,Seizure
439,72.55,10.7,Seizure
440,53.18,10.35,Seizure
441,71.36,10.13,Seizure
442,55.24,9.69,Seizure
443,63.06,9.81,Seizure
444,55.48,8.56,Seizure
445,80.74,11.2,Seizure
446,65.22,9.62,Seizure
447,83.92,10.19,Seizure
448,63.29,9.13,Seizure
449,65.03,10.82,Seizure
450,76.37,9.34,Seizure
451,68.2,11.02,Seizure
452,53.48,10.52,Seizure
453,53.03,8.81,Seizure
454,72.95,8.57,Seizure
455,57.23,9.96,Seizure
456,58.57,10.76,Seizure
457,87.47,10.86,Seizure
458,69.64,10.11,Seizure
459,62.16,9.99,Seizure
460,91.02,11.83,Seizure
461,80.55,10.42,Seizure
462,80.4,11.15,Seizure
463,87.24,10.88,Seizure
464,78.68,8.77,Seizure
465,64.43,8.66,Seizure
466,66.89,11.17,Seizure
467,70.54,10.87,Seizure
468,97.3,11.54,Seizure
469,83.54,10.67,Seizure
470,69.39,9.17,Seizure
471,68.02,10.23,Seizure
472,61.26,10.99,Seizure
473,92.43,11.3,Seizure
474,61.2,11.23,Seizure
475,61.54,8.39,Seizure
476,52.02,11.56,Seizure
477,59.17,9.99,Seizure
478,94.84,8.19,Seizure
479,61.12,9.04,Seizure
480,69.92,10.32,Seizure
481,89.21,11.78,Seizure
482,83.41,11.77,Seizure
483,98.66,10.44,Seizure
484,82.92,11.64,Seizure
485,90.3,11.18,Seizure
486,54.34,9.4,Seizure
487,68.34,11.75,Seizure
488,73.91,8.72,Seizure
489,77.05,11.07,Seizure
490,80.55,9.18,Seizure
491,65.91,9.9,Seizure
492,95.1,11.38,Seizure
493,88.78,9.7,Seizure
494,51.43,8.96,Seizure
495,70.84,8.67,Seizure
496,50.0,9.83,Seizure
497,57.62,8.87,Seizure
498,75.65,11.49,Seizure
499,58.65,10.12,Seizure
500,88.34,9.72,Seizure
501,73.11,10.87,Seizure
502,90.71,9.48,Seizure
503,61.63,8.84,Seizure
504,50.37,11.28,Seizure
505,77.03,8.58,Seizure
506,93.27,11.94,Seizure
507,73.43,9.13,Seizure
508,85.45,10.16,Seizure
509,66.52,8.63,Seizure
510,70.17,9.64,Seizure
511,95.35,9.26,Seizure
512,82.27,11.74,Seizure
513,75.75,10.22,Seizure
514,70.77,11.85,Seizure
515,70.99,11.85,Seizure
516,56.16,11.79,Seizure
517,70.23,9.29,Seizure
518,75.7,10.26,Seizure
519,52.64,10.57,Seizure
520,95.05,8.65,Seizure
521,86.17,8.31,Seizure
522,68.63,9.27,Seizure
523,67.81,8.85,Seizure
524,50.66,10.35,Seizure
525,62.67,8.19,Seizure
526,73.78,9.2,Seizure
527,62.66,11.67,Seizure
528,90.82,8.81,Seizure
529,96.67,10.38,Seizure
530,90.88,10.11,Seizure
531,82.32,8.45,Seizure
532,97.6,9.17,Seizure
533,63.89,10.04,Seizure
534,73.47,9.27,Seizure
535,99.17,10.35,Seizure
536,84.73,11.17,Seizure
537,86.17,8.03,Seizure
538,78.08,10.2,Seizure
539,88.98,9.72,Seizure
540,95.07,10.12,Seizure
541,91.23,11.77,Seizure
542,66.39,9.78,Seizure
543,97.39,10.79,Seizure
544,63.02,8.7,Seizure
545,57.45,11.2,Seizure
546,66.15,8.28,Seizure
547,83.4,9.67,Seizure
548,81.56,11.57,Seizure
549,59.34,8.55,Seizure
550,88.77,8.08,Seizure
551,72.54,11.05,Seizure
552,69.38,11.5,Seizure
553,94.21,8.81,Seizure
554,67.19,11.99,Seizure
555,93.59,9.02,Seizure
556,90.45,9.22,Seizure
557,59.14,11.03,Seizure
558,99.63,10.34,Seizure
559,98.82,8.84,Seizure
560,74.58,8.4,Seizure
561,63.86,10.87,Seizure
562,74.42,9.43,Seizure
563,70.5,8.65,Seizure
564,98.66,8.38,Seizure
565,61.31,10.94,Seizure
566,84.76,9.08,Seizure
567,58.03,8.09,Seizure
568,60.45,11.09,Seizure
569,79.42,9.34,Seizure
570,65.28,10.03,Seizure
571,81.41,10.24,Seizure
572,50.66,9.39,Seizure
573,84.13,9.06,Seizure
574,73.12,9.66,Seizure
575,56.85,11.87,Seizure
576,94.59,9.81,Seizure
577,73.27,8.29,Seizure
578,57.47,11.0,Seizure
579,96.18,8.46,Seizure
580,89.9,10.64,Seizure
581,85.14,10.1,Seizure
582,66.87,10.28,Seizure
583,98.47,10.52,Seizure
584,56.06,10.69,Seizure
585,59.62,9.59,Seizure
586,56.39,9.92,Seizure
587,74.9,10.37,Seizure
588,99.71,11.9,Seizure
589,58.93,8.37,Seizure
590,73.75,10.45,Seizure
591,60.4,8.28,Seizure
592,94.72,9.47,Seizure
593,73.82,9.9,Seizure
594,97.29,11.83,Seizure
595,95.71,8.72,Seizure
596,73.3,9.75,Seizure
597,63.12,11.99,Seizure
598,57.77,10.04,Seizure
599,95.36,10.58,Seizure
600,32.77,11.18,Alpha Wave
601,26.67,7.65,Theta Wave
602,29.73,6.4,Theta Wave
603,32.12,9.01,Alpha Wave
604,26.11,4.72,Theta Wave
605,31.77,8.14,Alpha Wave
606,35.25,10.8,Alpha Wave
607,34.14,9.25,Alpha Wave
608,29.6,7.98,Theta Wave
609,28.11,7.86,Theta Wave
610,22.3,6.89,Theta Wave
611,27.43,7.62,Theta Wave
612,36.04,10.39,Alpha Wave
613,37.5,8.16,Alpha Wave
614,36.45,12.07,Alpha Wave
615,33.54,12.67,Alpha Wave
616,30.67,8.56,Alpha Wave
617,30.4,12.31,Alpha Wave
618,24.09,7.06,Theta Wave
619,23.44,4.42,Theta Wave
620,25.58,5.22,Theta Wave
621,37.67,9.6,Alpha Wave
622,28.01,7.64,Theta Wave
623,34.37,12.87,Alpha Wave
624,39.81,8.48,Alpha Wave
625,20.43,5.35,Theta Wave
626,39.97,9.71,Alpha Wave
627,27.46,4.13,Theta Wave
628,25.73,6.98,Theta Wave
629,21.14,4.72,Theta Wave
630,32.87,9.53,Alpha Wave
631,33.86,12.72,Alpha Wave
632,32.78,10.32,Alpha Wave
633,25.14,7.78,Theta Wave
634,37.13,8.13,Alpha Wave
635,21.04,6.61,Theta Wave
636,25.72,5.52,Theta Wave
637,27.82,7.83,Theta Wave
638,38.67,10.53,Alpha Wave
639,33.01,12.19,Alpha Wave
640,30.39,8.31,Alpha Wave
641,25.96,4.17,Theta Wave
642,20.51,5.05,Theta Wave
643,35.34,12.41,Alpha Wave
644,32.15,12.08,Alpha Wave
645,28.79,4.65,Theta Wave
646,30.15,9.35,Alpha Wave
647,21.08,7.85,Theta Wave
648,34.75,9.12,Alpha Wave
649,26.87,4.06,Theta Wave
650,33.32,8.64,Alpha Wave
651,32.28,10.95,Alpha Wave
652,37.83,9.1,Alpha Wave
653,32.19,11.68,Alpha Wave
654,31.77,12.8,Alpha Wave
655,39.17,9.81,Alpha Wave
656,20.58,4.67,Theta Wave
657,39.99,11.32,Alpha Wave
658,39.15,9.85,Alpha Wave
659,29.71,4.04,Theta Wave
660,31.58,8.78,Alpha Wave
661,22.81,5.24,Theta Wave
662,31.49,8.71,Alpha Wave
663,39.54,10.59,Alpha Wave
664,30.71,10.46,Alpha Wave
665,30.17,11.65,Alpha Wave
666,34.06,12.15,Alpha Wave
667,27.77,6.58,Theta Wave
668,30.02,9.86,Alpha Wave
669,35.02,9.34,Alpha Wave
670,22.23,5.19,Theta Wave
671,25.81,5.88,Theta Wave
672,20.48,7.3,Theta Wave
673,32.79,12.68,Alpha Wave
674,39.2,8.14,Alpha Wave
675,25.81,7.28,Theta Wave
676,27.03,7.0,Theta Wave
677,30.74,12.16,Alpha Wave
678,21.25,5.5,Theta Wave
679,35.48,9.29,Alpha Wave
680,25.06,6.21,Theta Wave
681,34.36,8.35,Alpha Wave
682,32.95,8.1,Alpha Wave
683,26.95,4.73,Theta Wave
684,33.46,12.33,Alpha Wave
685,29.97,6.26,Theta Wave
686,22.15,5.2,Theta Wave
687,31.7,9.75,Alpha Wave
688,37.26,11.46,Alpha Wave
689,36.67,11.2,Alpha Wave
690,26.47,7.94,Theta Wave
691,23.25,6.34,Theta Wave
692,22.84,4.15,Theta Wave
693,26.26,5.66,Theta Wave
694,34.59,12.18,Alpha Wave
695,29.31,7.85,Theta Wave
696,35.26,12.37,Alpha Wave
697,24.13,4.99,Theta Wave
698,24.2,4.62,Theta Wave
699,20.98,6.83,Theta Wave
700,30.29,9.55,Alpha Wave
701,32.84,10.82,Alpha Wave
702,34.95,10.03,Alpha Wave
703,20.11,6.13,Theta Wave
704,28.27,6.26,Theta Wave
705,38.91,9.25,Alpha Wave
706,29.38,4.49,Theta Wave
707,38.34,8.73,Alpha Wave
708,23.27,6.55,Theta Wave
709,21.88,5.07,Theta Wave
710,26.94,4.81,Theta Wave
711,28.55,6.42,Theta Wave
712,32.75,12.23,Alpha Wave
713,23.11,7.02,Theta Wave
714,20.69,4.25,Theta Wave
715,25.12,5.19,Theta Wave
716,21.04,7.68,Theta Wave
717,28.01,4.68,Theta Wave
718,25.02,5.13,Theta Wave
719,34.98,11.28,Alpha Wave
720,29.08,5.21,Theta Wave
721,39.11,11.86,Alpha Wave
722,28.89,6.47,Theta Wave
723,30.61,8.16,Alpha Wave
724,27.64,6.01,Theta Wave
725,21.14,5.69,Theta Wave
726,32.8,8.85,Alpha Wave
727,29.63,4.56,Theta Wave
728,35.4,8.96,Alpha Wave
729,38.69,8.46,Alpha Wave
730,26.49,4.61,Theta Wave
731,21.59,5.4,Theta Wave
732,38.22,11.73,Alpha Wave
733,26.99,5.39,Theta Wave
734,30.93,9.55,Alpha Wave
735,23.75,6.09,Theta Wave
736,35.13,8.88,Alpha Wave
737,25.99,4.64,Theta Wave
738,32.8,8.7,Alpha Wave
739,32.57,12.11,Alpha Wave
740,21.87,5.81,Theta Wave
741,27.1,5.21,Theta Wave
742,35.16,10.4,Alpha Wave
743,34.59,10.04,Alpha Wave
744,36.15,10.82,Alpha Wave
745,21.43,4.88,Theta Wave
746,20.55,6.13,Theta Wave
747,20.35,6.83,Theta Wave
748,23.2,4.19,Theta Wave
749,36.69,8.04,Alpha Wave
750,29.54,4.05,Theta Wave
751,23.03,7.76,Theta Wave
752,25.78,7.86,Theta Wave
753,20.69,4.44,Theta Wave
754,21.47,4.44,Theta Wave
755,35.51,12.58,Alpha Wave
756,39.81,9.78,Alpha Wave
757,31.55,10.24,Alpha Wave
758,31.46,8.05,Alpha Wave
759,22.38,6.04,Theta Wave
760,21.18,4.71,Theta Wave
761,23.54,5.9,Theta Wave
762,30.46,8.52,Alpha Wave
763,31.11,8.43,Alpha Wave
764,26.95,6.9,Theta Wave
765,39.22,12.23,Alpha Wave
766,32.53,10.24,Alpha Wave
767,35.51,9.24,Alpha Wave
768,27.03,5.44,Theta Wave
769,31.73,8.98,Alpha Wave
770,28.42,4.67,Theta Wave
771,39.35,9.54,Alpha Wave
772,29.76,7.46,Theta Wave
773,36.49,10.61,Alpha Wave
774,23.77,5.97,Theta Wave
775,26.4,4.54,Theta Wave
776,34.69,11.21,Alpha Wave
777,39.48,9.71,Alpha Wave
778,22.44,4.74,Theta Wave
779,31.57,8.05,Alpha Wave
780,30.06,8.28,Alpha Wave
781,24.62,7.92,Theta Wave
782,34.85,11.24,Alpha Wave
783,21.52,7.85,Theta Wave
784,36.5,8.37,Alpha Wave
785,26.63,6.74,Theta Wave
786,37.04,11.56,Alpha Wave
787,38.77,12.2,Alpha Wave
788,20.02,6.98,Theta Wave
789,31.22,8.07,Alpha Wave
790,29.28,7.43,Theta Wave
791,23.62,5.18,Theta Wave
792,22.19,7.5,Theta Wave
793,21.99,7.33,Theta Wave
794,23.75,4.09,Theta Wave
795,22.06,4.42,Theta Wave
796,28.23,4.4,Theta Wave
797,39.4,12.13,Alpha Wave
798,32.17,8.34,Alpha Wave
799,22.48,6.87,Theta Wave
800,62.49,8.2,Seizure
801,97.07,8.68,Seizure
802,80.53,9.03,Seizure
803,59.45,8.7,Seizure
804,66.06,9.82,Seizure
805,95.29,9.57,Seizure
806,96.72,11.97,Seizure
807,82.87,10.31,Seizure
808,98.28,11.26,Seizure
809,72.31,10.57,Seizure
810,58.3,10.68,Seizure
811,59.43,11.63,Seizure
812,50.05,8.84,Seizure
813,99.28,11.44,Seizure
814,97.97,8.93,Seizure
815,96.22,8.51,Seizure
816,54.97,8.87,Seizure
817,90.5,10.18,Seizure
818,76.35,8.35,Seizure
819,74.92,9.54,Seizure
820,94.35,11.82,Seizure
821,65.17,10.0,Seizure
822,86.02,11.71,Seizure
823,87.06,11.26,Seizure
824,55.28,9.84,Seizure
825,52.55,8.98,Seizure
826,77.72,11.1,Seizure
827,67.71,10.79,Seizure
828,58.12,11.45,Seizure
829,74.61,11.52,Seizure
830,92.09,10.84,Seizure
831,85.32,8.89,Seizure
832,55.24,9.79,Seizure
833,79.84,8.62,Seizure
834,81.21,10.82,Seizure
835,85.05,9.65,Seizure
836,53.51,11.65,Seizure
837,61.03,10.02,Seizure
838,81.72,10.89,Seizure
839,97.23,8.72,Seizure
840,97.28,9.39,Seizure
841,62.47,11.51,Seizure
842,87.07,11.8,Seizure
843,87.21,9.02,Seizure
844,93.64,8.6,Seizure
845,91.49,11.09,Seizure
846,76.96,11.5,Seizure
847,66.5,10.39,Seizure
848,92.24,8.52,Seizure
849,67.87,9.84,Seizure
850,82.61,10.45,Seizure
851,90.44,11.46,Seizure
852,54.6,9.86,Seizure
853,53.45,9.24,Seizure
854,85.73,8.54,Seizure
855,92.84,11.34,Seizure
856,78.3,11.38,Seizure
857,56.28,9.38,Seizure
858,56.07,11.09,Seizure
859,57.67,8.73,Seizure
860,56.33,10.72,Seizure
861,65.35,10.19,Seizure
862,56.08,8.35,Seizure
863,74.16,10.49,Seizure
864,77.37,11.08,Seizure
865,83.42,8.58,Seizure
866,98.65,10.03,Seizure
867,62.9,9.9,Seizure
868,68.54,8.96,Seizure
869,63.9,8.24,Seizure
870,66.06,11.14,Seizure
871,99.3,9.11,Seizure
872,70.71,9.56,Seizure
873,72.25,10.13,Seizure
874,81.79,10.26,Seizure
875,87.69,11.49,Seizure
876,55.21,10.94,Seizure
877,51.96,8.56,Seizure
878,99.46,8.74,Seizure
879,54.37,10.73,Seizure
880,70.83,10.27,Seizure
881,66.12,8.1,Seizure
882,80.82,9.59,Seizure
883,65.06,9.09,Seizure
884,62.48,11.51,Seizure
885,83.84,9.28,Seizure
886,56.74,9.79,Seizure
887,59.52,10.63,Seizure
888,51.41,11.8,Seizure
889,97.35,9.29,Seizure
890,50.81,8.61,Seizure
891,74.59,11.37,Seizure
892,65.77,8.29,Seizure
893,97.86,8.44,Seizure
894,92.93,9.01,Seizure
895,89.68,11.22,Seizure
896,70.32,9.05,Seizure
897,69.33,8.58,Seizure
898,52.32,8.27,Seizure
899,65.41,11.31,Seizure
900,72.13,11.88,Seizure
901,92.25,9.45,Seizure
902,57.81,9.93,Seizure
903,58.46,10.91,Seizure
904,92.56,10.81,Seizure
905,71.3,10.62,Seizure
906,73.4,9.21,Seizure
907,78.19,9.97,Seizure
908,82.44,8.98,Seizure
909,62.0,11.41,Seizure
910,93.58,10.37,Seizure
911,85.99,8.35,Seizure
912,95.71,9.49,Seizure
913,81.86,10.85,Seizure
914,59.14,11.73,Seizure
915,82.65,8.23,Seizure
916,75.63,8.56,Seizure
917,69.26,8.42,Seizure
918,92.9,11.74,Seizure
919,83.35,9.68,Seizure
920,95.37,10.59,Seizure
921,65.58,11.02,Seizure
922,61.17,10.64,Seizure
923,89.92,9.59,Seizure
924,70.33,10.85,Seizure
925,73.1,11.24,Seizure
926,73.87,11.29,Seizure
927,94.93,10.66,Seizure
928,96.42,9.82,Seizure
929,81.45,10.54,Seizure
930,61.58,11.23,Seizure
931,64.76,8.67,Seizure
932,97.6,10.82,Seizure
933,84.99,10.35,Seizure
934,62.86,11.5,Seizure
935,89.79,8.19,Seizure
936,76.98,8.72,Seizure
937,68.7,11.4,Seizure
938,59.57,10.11,Seizure
939,65.6,10.46,Seizure
940,51.82,8.33,Seizure
941,79.43,8.0,Seizure
942,54.89,9.66,Seizure
943,58.0,11.11,Seizure
944,79.83,8.04,Seizure
945,90.31,11.18,Seizure
946,80.23,11.82,Seizure
947,96.63,11.92,Seizure
948,86.85,8.17,Seizure
949,78.75,9.36,Seizure
950,63.79,9.61,Seizure
951,50.68,8.64,Seizure
952,67.94,11.96,Seizure
953,52.82,11.28,Seizure
954,85.72,11.7,Seizure
955,73.14,9.68,Seizure
956,86.86,9.01,Seizure
957,94.16,8.96,Seizure
958,99.99,10.54,Seizure
959,53.71,11.2,Seizure
960,74.7,10.62,Seizure
961,99.75,8.41,Seizure
962,85.17,10.61,Seizure
963,61.24,11.69,Seizure
964,89.14,11.51,Seizure
965,54.26,11.95,Seizure
966,63.36,11.88,Seizure
967,84.33,10.62,Seizure
968,74.76,10.14,Seizure
969,52.81,9.3,Seizure
970,81.79,9.24,Seizure
971,53.44,9.62,Seizure
972,99.1,9.29,Seizure
973,95.33,9.43,Seizure
974,69.15,11.42,Seizure
975,92.21,9.11,Seizure
976,82.72,10.2,Seizure
977,66.77,11.4,Seizure
978,91.41,10.8,Seizure
979,94.67,8.21,Seizure
980,97.94,8.94,Seizure
981,57.6,11.24,Seizure
982,58.95,10.43,Seizure
983,72.73,11.82,Seizure
984,78.23,9.68,Seizure
985,71.31,11.59,Seizure
986,96.61,11.81,Seizure
987,50.61,11.21,Seizure
988,60.68,11.49,Seizure
989,80.05,10.76,Seizure
990,89.51,9.48,Seizure
991,94.9,10.71,Seizure
992,55.77,9.57,Seizure
993,83.48,8.7,Seizure
994,64.89,8.71,Seizure
995,75.19,8.24,Seizure
996,96.79,8.92,Seizure
997,90.59,9.3,Seizure
998,73.77,8.95,Seizure
999,56.44,11.02,Seizure
1000,26.13,4.5,Theta Wave
1001,23.27,4.87,Theta Wave
1002,38.79,9.37,Alpha Wave
1003,22.47,5.37,Theta Wave
1004,34.57,8.25,Alpha Wave
1005,25.24,7.85,Theta Wave
1006,26.53,6.64,Theta Wave
1007,37.76,10.58,Alpha Wave
1008,22.27,6.59,Theta Wave
1009,23.1,4.55,Theta Wave
1010,30.83,10.57,Alpha Wave
1011,32.59,8.68,Alpha Wave
1012,34.55,9.06,Alpha Wave
1013,39.68,11.4,Alpha Wave
1014,27.2,7.46,Theta Wave
1015,34.1,8.37,Alpha Wave
1016,27.16,5.48,Theta Wave
1017,35.94,11.94,Alpha Wave
1018,23.25,7.14,Theta Wave
1019,21.55,4.17,Theta Wave
1020,31.05,11.61,Alpha Wave
1021,24.78,5.69,Theta Wave
1022,26.36,4.53,Theta Wave
1023,38.05,10.74,Alpha Wave
1024,31.03,10.47,Alpha Wave
1025,37.45,10.88,Alpha Wave
1026,37.62,9.85,Alpha Wave
1027,24.82,5.71,Theta Wave
1028,34.74,12.85,Alpha Wave
1029,37.9,10.51,Alpha Wave
1030,24.16,4.98,Theta Wave
1031,24.75,7.11,Theta Wave
1032,28.72,4.45,Theta Wave
1033,35.23,12.08,Alpha Wave
1034,36.52,11.85,Alpha Wave
1035,26.51,6.9,Theta Wave
1036,38.21,10.3,Alpha Wave
1037,33.88,12.24,Alpha Wave
1038,38.68,9.87,Alpha Wave
1039,31.69,8.22,Alpha Wave
1040,36.06,12.11,Alpha Wave
1041,35.35,10.55,Alpha Wave
1042,22.48,7.64,Theta Wave
1043,26.01,4.44,Theta Wave
1044,22.67,5.87,Theta Wave
1045,33.26,12.02,Alpha Wave
1046,27.75,6.69,Theta Wave
1047,30.03,11.37,Alpha Wave
1048,23.0,4.38,Theta Wave
1049,25.64,7.57,Theta Wave
1050,25.91,4.53,Theta Wave
1051,38.47,8.59,Alpha Wave
1052,30.35,9.46,Alpha Wave
1053,20.43,5.59,Theta Wave
1054,37.4,8.49,Alpha Wave
1055,36.51,11.06,Alpha Wave
1056,38.84,9.68,Alpha Wave
1057,21.42,7.04,Theta Wave
1058,22.8,7.47,Theta Wave
1059,39.5,10.66,Alpha Wave
1060,27.22,5.82,Theta Wave
1061,23.31,4.68,Theta Wave
1062,22.72,7.83,Theta Wave
1063,28.2,4.7,Theta Wave
1064,28.91,5.59,Theta Wave
1065,31.96,8.71,Alpha Wave
1066,23.26,5.25,Theta Wave
1067,33.41,10.88,Alpha Wave
1068,27.63,4.6,Theta Wave
1069,27.79,5.12,Theta Wave
1070,31.75,9.86,Alpha Wave
1071,33.05,11.14,Alpha Wave
1072,25.81,6.54,Theta Wave
1073,29.93,5.12,Theta Wave
1074,36.54,10.42,Alpha Wave
1075,27.48,4.43,Theta Wave
1076,28.68,5.15,Theta Wave
1077,35.6,9.6,Alpha Wave
1078,28.04,6.6,Theta Wave
1079,35.06,12.02,Alpha Wave
1080,21.34,6.03,Theta Wave
1081,27.76,6.97,Theta Wave
1082,25.63,6.95,Theta Wave
1083,32.54,9.62,Alpha Wave
1084,26.29,7.3,Theta Wave
1085,24.76,7.04,Theta Wave
1086,35.22,12.2,Alpha Wave
1087,26.53,7.09,Theta Wave
1088,36.39,9.39,Alpha Wave
1089,26.3,5.74,Theta Wave
1090,28.87,6.35,Theta Wave
1091,30.13,11.02,Alpha Wave
1092,23.55,5.38,Theta Wave
1093,33.44,11.72,Alpha Wave
1094,27.3,5.71,Theta Wave
1095,28.92,7.39,Theta Wave
1096,27.45,7.52,Theta Wave
1097,29.64,7.3,Theta Wave
1098,34.98,12.92,Alpha Wave
1099,33.11,10.57,Alpha Wave
1100,35.29,8.05,Alpha Wave
1101,23.73,6.2,Theta Wave
1102,31.43,8.05,Alpha Wave
1103,38.47,9.47,Alpha Wave
1104,29.11,4.6,Theta Wave
1105,25.95,4.26,Theta Wave
1106,37.43,11.11,Alpha Wave
1107,24.58,7.48,Theta Wave
1108,31.0,9.84,Alpha Wave
1109,34.82,8.33,Alpha Wave
1110,26.7,4.58,Theta Wave
1111,20.62,6.82,Theta Wave
1112,23.08,5.84,Theta Wave
1113,21.39,5.24,Theta Wave
1114,23.47,7.66,Theta Wave
1115,36.32,8.96,Alpha Wave
1116,28.38,4.93,Theta Wave
1117,38.71,12.32,Alpha Wave
1118,26.63,5.14,Theta Wave
1119,23.49,4.1,Theta Wave
1120,36.17,9.43,Alpha Wave
1121,20.52,6.36,Theta Wave
1122,39.16,9.51,Alpha Wave
1123,28.49,4.33,Theta Wave
1124,23.6,6.0,Theta Wave
1125,35.8,11.31,Alpha Wave
1126,25.04,4.66,Theta Wave
1127,23.97,7.57,Theta Wave
1128,20.78,7.52,Theta Wave
1129,30.72,10.36,Alpha Wave
1130,39.07,9.27,Alpha Wave
1131,38.42,11.38,Alpha Wave
1132,34.65,12.78,Alpha Wave
1133,28.07,6.2,Theta Wave
1134,32.41,8.47,Alpha Wave
1135,26.28,4.35,Theta Wave
1136,27.01,6.41,Theta Wave
1137,24.71,5.81,Theta Wave
1138,21.82,6.68,Theta Wave
1139,38.79,10.96,Alpha Wave
1140,25.09,5.2,Theta Wave
1141,34.47,9.03,Alpha Wave
1142,33.36,9.54,Alpha Wave
1143,28.46,4.82,Theta Wave
1144,30.08,9.34,Alpha Wave
1145,24.0,6.92,Theta Wave
1146,23.79,6.8,Theta Wave
1147,30.24,9.42,Alpha Wave
1148,38.93,9.96,Alpha Wave
1149,37.33,12.07,Alpha Wave
1150,31.48,12.37,Alpha Wave
1151,35.16,12.07,Alpha Wave
1152,22.1,5.63,Theta Wave
1153,28.17,6.18,Theta Wave
1154,36.2,9.16,Alpha Wave
1155,39.81,9.49,Alpha Wave
1156,26.97,6.27,Theta Wave
1157,23.16,5.55,Theta Wave
1158,21.59,5.67,Theta Wave
1159,27.77,7.68,Theta Wave
1160,22.41,7.66,Theta Wave
1161,27.68,6.11,Theta Wave
1162,29.21,5.51,Theta Wave
1163,30.27,11.59,Alpha Wave
1164,29.02,6.05,Theta Wave
1165,33.33,11.71,Alpha Wave
1166,36.69,12.5,Alpha Wave
1167,26.21,5.08,Theta Wave
1168,31.7,8.57,Alpha Wave
1169,36.92,8.36,Alpha Wave
1170,31.35,9.62,Alpha Wave
1171,36.19,11.58,Alpha Wave
1172,25.79,7.53,Theta Wave
1173,33.21,8.48,Alpha Wave
1174,35.3,10.91,Alpha Wave
1175,37.97,8.79,Alpha Wave
1176,33.8,12.18,Alpha Wave
1177,20.3,5.23,Theta Wave
1178,25.96,7.77,Theta Wave
1179,39.03,10.02,Alpha Wave
1180,36.96,8.03,Alpha Wave
1181,23.18,5.2,Theta Wave
1182,36.67,11.29,Alpha Wave
1183,21.79,6.18,Theta Wave
1184,33.37,11.81,Alpha Wave
1185,22.66,4.7,Theta Wave
1186,32.37,10.46,Alpha Wave
1187,39.46,12.52,Alpha Wave
1188,30.54,8.19,Alpha Wave
1189,33.65,9.87,Alpha Wave
1190,37.01,11.95,Alpha Wave
1191,33.71,8.08,Alpha Wave
1192,38.43,10.9,Alpha Wave
1193,30.03,9.13,Alpha Wave
1194,37.27,9.79,Alpha Wave
1195,31.05,8.2,Alpha Wave
1196,37.99,12.19,Alpha Wave
1197,39.49,10.94,Alpha Wave
1198,23.61,6.73,Theta Wave
1199,29.0,6.91,Theta Wave
1200,74.06,10.16,Seizure
1201,54.33,11.54,Seizure
1202,65.91,9.26,Seizure
1203,60.23,10.29,Seizure
1204,50.72,10.44,Seizure
1205,52.89,10.89,Seizure
1206,65.52,9.37,Seizure
1207,66.92,8.52,Seizure
1208,90.2,8.83,Seizure
1209,98.2,11.67,Seizure
1210,55.61,10.72,Seizure
1211,98.83,10.51,Seizure
1212,66.37,10.82,Seizure
1213,77.61,8.96,Seizure
1214,85.57,9.4,Seizure
1215,72.28,10.2,Seizure
1216,87.57,9.32,Seizure
1217,94.9,9.04,Seizure
1218,55.14,8.93,Seizure
1219,96.95,8.03,Seizure
1220,99.81,9.9,Seizure
1221,83.63,10.13,Seizure
1222,57.5,10.79,Seizure
1223,69.7,9.0,Seizure
1224,75.88,10.02,Seizure
1225,78.21,10.81,Seizure
1226,75.13,8.35,Seizure
1227,80.9,8.79,Seizure
1228,79.36,10.52,Seizure
1229,54.66,10.85,Seizure
1230,91.75,10.61,Seizure
1231,85.23,11.39,Seizure
1232,57.56,8.52,Seizure
1233,78.14,10.06,Seizure
1234,91.13,10.63,Seizure
1235,52.2,8.84,Seizure
1236,91.65,8.98,Seizure
1237,64.6,11.49,Seizure
1238,92.54,9.36,Seizure
1239,52.61,11.21,Seizure
1240,59.02,8.2,Seizure
1241,65.5,9.38,Seizure
1242,53.1,8.22,Seizure
1243,79.09,9.04,Seizure
1244,60.72,11.68,Seizure
1245,90.98,8.27,Seizure
1246,92.53,11.24,Seizure
1247,76.87,8.56,Seizure
1248,98.21,11.37,Seizure
1249,51.18,9.82,Seizure
1250,62.71,10.73,Seizure
1251,72.82,8.03,Seizure
1252,56.42,11.85,Seizure
1253,75.82,10.22,Seizure
1254,75.89,11.09,Seizure
1255,80.2,8.11,Seizure
1256,97.5,8.23,Seizure
1257,79.63,10.44,Seizure
1258,58.91,8.59,Seizure
1259,66.09,11.46,Seizure
1260,79.62,11.33,Seizure
1261,63.0,9.22,Seizure
1262,91.49,9.3,Seizure
1263,58.67,11.91,Seizure
1264,52.43,9.06,Seizure
1265,95.6,11.56,Seizure
1266,79.83,8.77,Seizure
1267,52.82,8.06,Seizure
1268,75.43,8.98,Seizure
1269,66.13,10.1,Seizure
1270,50.5,9.06,Seizure
1271,93.01,11.0,Seizure
1272,89.22,9.19,Seizure
1273,81.94,10.35,Seizure
1274,81.0,10.38,Seizure
1275,91.81,9.25,Seizure
1276,95.37,10.85,Seizure
1277,62.72,10.68,Seizure
1278,67.08,8.94,Seizure
1279,79.29,11.45,Seizure
1280,53.45,11.77,Seizure
1281,83.82,8.62,Seizure
1282,61.82,10.5,Seizure
1283,72.82,10.76,Seizure
1284,70.16,10.48,Seizure
1285,84.72,8.4,Seizure
1286,98.53,8.23,Seizure
1287,58.41,8.98,Seizure
1288,55.68,8.17,Seizure
1289,75.04,10.92,Seizure
1290,86.12,8.45,Seizure
1291,52.03,9.77,Seizure
1292,74.93,10.45,Seizure
1293,65.79,9.63,Seizure
1294,64.36,9.37,Seizure
1295,81.58,10.2,Seizure
1296,60.37,9.46,Seizure
1297,57.65,11.35,Seizure
1298,85.27,11.69,Seizure
1299,61.13,8.02,Seizure
1300,80.31,8.89,Seizure
1301,71.55,9.21,Seizure
1302,84.74,11.14,Seizure
1303,60.38,10.05,Seizure
1304,75.22,11.32,Seizure
1305,78.71,11.18,Seizure
1306,70.53,11.26,Seizure
1307,74.31,8.77,Seizure
1308,70.42,11.16,Seizure
1309,64.51,9.21,Seizure
1310,67.25,8.03,Seizure
1311,61.97,11.08,Seizure
1312,86.58,8.74,Seizure
1313,68.08,9.48,Seizure
1314,95.59,10.13,Seizure
1315,88.62,9.08,Seizure
1316,75.27,9.81,Seizure
1317,84.79,9.39,Seizure
1318,85.87,8.31,Seizure
1319,86.29,9.03,Seizure
1320,68.28,9.24,Seizure
1321,78.31,9.92,Seizure
1322,94.71,9.59,Seizure
1323,52.72,9.84,Seizure
1324,79.53,11.65,Seizure
1325,70.04,10.8,Seizure
1326,99.24,9.77,Seizure
1327,66.21,11.91,Seizure
1328,95.2,10.27,Seizure
1329,72.58,11.93,Seizure
1330,67.72,9.8,Seizure
1331,89.04,10.2,Seizure
1332,84.03,9.36,Seizure
1333,51.11,10.97,Seizure
1334,64.56,11.76,Seizure
1335,79.52,11.07,Seizure
1336,69.87,8.16,Seizure
1337,96.76,8.37,Seizure
1338,84.09,9.71,Seizure
1339,94.25,8.04,Seizure
1340,79.18,8.48,Seizure
1341,52.71,8.85,Seizure
1342,81.34,9.68,Seizure
1343,73.74,9.43,Seizure
1344,54.01,8.29,Seizure
1345,95.84,10.14,Seizure
1346,78.76,11.77,Seizure
1347,70.26,10.37,Seizure
1348,89.87,8.92,Seizure
1349,59.15,11.08,Seizure
1350,91.34,8.56,Seizure
1351,62.75,9.36,Seizure
1352,89.12,8.53,Seizure
1353,97.97,11.49,Seizure
1354,99.84,8.16,Seizure
1355,86.31,9.14,Seizure
1356,61.0,8.63,Seizure
1357,56.4,9.63,Seizure
1358,57.86,8.26,Seizure
1359,67.88,8.35,Seizure
1360,79.36,8.46,Seizure
1361,50.2,8.66,Seizure
1362,98.64,10.75,Seizure
1363,61.27,10.78,Seizure
1364,51.22,8.81,Seizure
1365,54.41,11.75,Seizure
1366,89.29,8.56,Seizure
1367,93.82,8.47,Seizure
1368,59.45,11.63,Seizure
1369,94.1,9.78,Seizure
1370,58.02,9.16,Seizure
1371,92.7,9.91,Seizure
1372,65.68,11.25,Seizure
1373,81.71,11.92,Seizure
1374,80.97,8.72,Seizure
1375,76.45,10.71,Seizure
1376,66.54,10.39,Seizure
1377,97.56,8.17,Seizure
1378,67.47,8.39,Seizure
1379,87.13,11.5,Seizure
1380,72.36,9.09,Seizure
1381,75.11,10.76,Seizure
1382,96.67,11.37,Seizure
1383,57.45,9.88,Seizure
1384,62.74,11.87,Seizure
1385,98.73,9.28,Seizure
1386,77.0,10.81,Seizure
1387,61.78,10.54,Seizure
1388,74.47,8.08,Seizure
1389,94.02,9.73,Seizure
1390,79.1,10.23,Seizure
1391,84.23,8.75,Seizure
1392,96.33,10.3,Seizure
1393,56.13,11.26,Seizure
1394,54.39,10.76,Seizure
1395,89.7,10.74,Seizure
1396,71.27,9.66,Seizure
1397,95.73,11.71,Seizure
1398,99.56,11.77,Seizure
1399,52.09,9.54,Seizure
1400,31.54,8.63,Alpha Wave
1401,35.3,11.61,Alpha Wave
1402,23.14,4.97,Theta Wave
1403,34.64,11.92,Alpha Wave
1404,38.3,12.3,Alpha Wave
1405,34.01,10.28,Alpha Wave
1406,39.05,10.56,Alpha Wave
1407,32.8,12.67,Alpha Wave
1408,38.67,10.63,Alpha Wave
1409,29.19,5.69,Theta Wave
1410,27.86,5.32,Theta Wave
1411,20.9,7.86,Theta Wave
1412,29.14,5.73,Theta Wave
1413,25.77,4.54,Theta Wave
1414,31.67,11.2,Alpha Wave
1415,28.15,7.68,Theta Wave
1416,39.32,12.7,Alpha Wave
1417,20.65,4.89,Theta Wave
1418,20.19,4.78,Theta Wave
1419,34.6,8.83,Alpha Wave
1420,35.48,8.7,Alpha Wave
1421,35.32,10.35,Alpha Wave
1422,25.47,5.88,Theta Wave
1423,35.47,9.14,Alpha Wave
1424,26.81,5.03,Theta Wave
1425,35.8,11.74,Alpha Wave
1426,36.07,10.76,Alpha Wave
1427,21.3,4.19,Theta Wave
1428,20.88,4.22,Theta Wave
1429,26.8,5.44,Theta Wave
1430,37.03,12.62,Alpha Wave
1431,22.26,4.85,Theta Wave
1432,21.15,4.66,Theta Wave
1433,33.1,9.36,Alpha Wave
1434,38.53,8.47,Alpha Wave
1435,30.1,8.15,Alpha Wave
1436,39.01,9.99,Alpha Wave
1437,35.48,10.91,Alpha Wave
1438,37.87,11.23,Alpha Wave
1439,35.33,9.78,Alpha Wave
1440,36.75,9.49,Alpha Wave
1441,30.11,8.01,Alpha Wave
1442,28.1,7.11,Theta Wave
1443,35.02,11.16,Alpha Wave
1444,38.09,9.35,Alpha Wave
1445,30.28,10.29,Alpha Wave
1446,33.47,10.91,Alpha Wave
1447,32.08,8.59,Alpha Wave
1448,31.72,8.15,Alpha Wave
1449,29.8,7.23,Theta Wave
1450,27.47,5.05,Theta Wave
1451,33.18,10.75,Alpha Wave
1452,31.82,11.26,Alpha Wave
1453,29.39,7.11,Theta Wave
1454,33.65,10.97,Alpha Wave
1455,25.49,4.25,Theta Wave
1456,29.54,5.87,Theta Wave
1457,23.08,4.71,Theta Wave
1458,21.88,6.31,Theta Wave
1459,25.19,5.11,Theta Wave
1460,23.94,5.17,Theta Wave
1461,34.4,9.87,Alpha Wave
1462,35.92,10.26,Alpha Wave
1463,24.97,6.86,Theta Wave
1464,28.23,4.38,Theta Wave
1465,33.25,12.99,Alpha Wave
1466,29.97,5.21,Theta Wave
1467,26.66,5.56,Theta Wave
1468,31.35,8.53,Alpha Wave
1469,21.28,5.62,Theta Wave
1470,22.84,6.37,Theta Wave
1471,20.98,4.24,Theta Wave
1472,33.47,8.73,Alpha Wave
1473,33.56,8.74,Alpha Wave
1474,35.25,10.27,Alpha Wave
1475,35.86,10.05,Alpha Wave
1476,20.37,6.32,Theta Wave
1477,35.59,10.07,Alpha Wave
1478,20.45,7.0,Theta Wave
1479,22.31,7.62,Theta Wave
1480,25.15,7.46,Theta Wave
1481,37.43,12.45,Alpha Wave
1482,38.48,9.33,Alpha Wave
1483,22.83,5.94,Theta Wave
1484,25.73,6.14,Theta Wave
1485,27.6,6.12,Theta Wave
1486,29.57,7.53,Theta Wave
1487,30.76,11.32,Alpha Wave
1488,30.31,10.49,Alpha Wave
1489,36.58,9.78,Alpha Wave
1490,25.2,4.38,Theta Wave
1491,31.62,12.48,Alpha Wave
1492,26.1,7.99,Theta Wave
1493,32.11,9.62,Alpha Wave
1494,25.33,6.35,Theta Wave
1495,32.15,12.41,Alpha Wave
1496,26.83,7.62,Theta Wave
1497,23.45,5.99,Theta Wave
1498,39.6,11.06,Alpha Wave
1499,32.67,9.9,Alpha Wave
1500,33.01,9.43,Alpha Wave
1501,27.09,7.46,Theta Wave
1502,25.55,7.14,Theta Wave
1503,35.37,9.13,Alpha Wave
1504,23.61,5.66,Theta Wave
1505,26.98,7.4,Theta Wave
1506,39.31,10.91,Alpha Wave
1507,38.89,11.87,Alpha Wave
1508,33.03,9.71,Alpha Wave
1509,23.3,7.24,Theta Wave
1510,34.05,11.04,Alpha Wave
1511,27.02,7.58,Theta Wave
1512,37.71,11.04,Alpha Wave
1513,38.03,12.3,Alpha Wave
1514,38.98,8.6,Alpha Wave
1515,22.99,7.18,Theta Wave
1516,25.75,5.82,Theta Wave
1517,28.77,7.57,Theta Wave
1518,22.78,5.87,Theta Wave
1519,26.71,6.08,Theta Wave
1520,27.25,5.04,Theta Wave
1521,38.07,8.03,Alpha Wave
1522,33.11,11.72,Alpha Wave
1523,33.51,12.13,Alpha Wave
1524,24.01,4.8,Theta Wave
1525,24.52,5.68,Theta Wave
1526,27.23,5.21,Theta Wave
1527,33.75,10.72,Alpha Wave
1528,37.95,9.84,Alpha Wave
1529,37.01,10.29,Alpha Wave
1530,32.98,10.46,Alpha Wave
1531,37.65,10.91,Alpha Wave
1532,24.63,7.99,Theta Wave
1533,34.65,8.7,Alpha Wave
1534,30.15,8.59,Alpha Wave
1535,26.37,7.3,Theta Wave
1536,27.77,7.79,Theta Wave
1537,25.9,6.64,Theta Wave
1538,30.8,9.54,Alpha Wave
1539,29.0,7.76,Theta Wave
1540,38.13,8.69,Alpha Wave
1541,20.84,4.2,Theta Wave
1542,28.67,5.25,Theta Wave
1543,34.31,9.96,Alpha Wave
1544,29.79,4.64,Theta Wave
1545,39.91,11.55,Alpha Wave
1546,31.5,12.89,Alpha Wave
1547,30.79,8.06,Alpha Wave
1548,22.41,4.43,Theta Wave
1549,34.31,9.02,Alpha Wave
1550,27.51,4.0,Theta Wave
1551,37.36,10.49,Alpha Wave
1552,22.89,4.52,Theta Wave
1553,34.56,8.54,Alpha Wave
1554,26.13,6.88,Theta Wave
1555,35.85,12.33,Alpha Wave
1556,26.4,6.67,Theta Wave
1557,28.86,5.88,Theta Wave
1558,27.54,5.55,Theta Wave
1559,26.2,4.9,Theta Wave
1560,35.59,8.19,Alpha Wave
1561,36.64,10.57,Alpha Wave
1562,20.53,7.07,Theta Wave
1563,37.58,10.38,Alpha Wave
1564,28.73,5.35,Theta Wave
1565,30.53,11.79,Alpha Wave
1566,32.91,11.02,Alpha Wave
1567,33.77,12.65,Alpha Wave
1568,27.58,6.73,Theta Wave
1569,38.55,9.83,Alpha Wave
1570,37.12,12.95,Alpha Wave
1571,20.29,7.59,Theta Wave
1572,33.33,12.34,Alpha Wave
1573,21.73,6.73,Theta Wave
1574,38.97,9.84,Alpha Wave
1575,20.79,4.07,Theta Wave
1576,23.36,6.83,Theta Wave
1577,30.43,12.19,Alpha Wave
1578,35.83,12.21,Alpha Wave
1579,20.58,7.1,Theta Wave
1580,26.85,4.55,Theta Wave
1581,30.25,11.36,Alpha Wave
1582,38.97,12.97,Alpha Wave
1583,20.49,7.48,Theta Wave
1584,24.49,5.54,Theta Wave
1585,37.32,12.6,Alpha Wave
1586,38.7,12.02,Alpha Wave
1587,27.11,6.78,Theta Wave
1588,22.18,7.02,Theta Wave
1589,29.61,5.74,Theta Wave
1590,27.18,7.72,Theta Wave
1591,34.04,8.01,Alpha Wave
1592,26.15,7.48,Theta Wave
1593,33.47,12.19,Alpha Wave
1594,36.83,12.0,Alpha Wave
1595,34.56,12.65,Alpha Wave
1596,27.99,5.64,Theta Wave
1597,34.48,11.09,Alpha Wave
1598,39.85,12.26,Alpha Wave
1599,34.33,10.98,Alpha Wave
1600,57.22,9.6,Seizure
1601,73.96,8.09,Seizure
1602,85.11,8.48,Seizure
1603,70.48,8.23,Seizure
1604,62.92,11.41,Seizure
1605,65.08,9.74,Seizure
1606,97.65,8.65,Seizure
1607,77.72,8.02,Seizure
1608,68.16,8.88,Seizure
1609,68.8,10.38,Seizure
1610,74.23,12.0,Seizure
1611,94.57,11.02,Seizure
1612,70.14,10.6,Seizure
1613,95.48,9.25,Seizure
1614,89.46,10.99,Seizure
1615,73.75,9.71,Seizure
1616,68.5,10.49,Seizure
1617,67.92,11.06,Seizure
1618,55.71,9.51,Seizure
1619,62.49,8.12,Seizure
1620,97.79,10.25,Seizure
1621,55.22,8.56,Seizure
1622,59.75,11.82,Seizure
1623,50.47,9.79,Seizure
1624,59.12,9.92,Seizure
1625,59.15,8.38,Seizure
1626,96.83,10.76,Seizure
1627,51.26,10.7,Seizure
1628,87.13,11.19,Seizure
1629,52.04,11.21,Seizure
1630,83.17,11.78,Seizure
1631,96.28,10.12,Seizure
1632,79.41,8.39,Seizure
1633,98.8,10.44,Seizure
1634,56.7,10.63,Seizure
1635,58.28,9.14,Seizure
1636,92.93,11.41,Seizure
1637,69.8,8.71,Seizure
1638,94.87,9.73,Seizure
1639,84.58,11.32,Seizure
1640,67.15,11.3,Seizure
1641,61.09,8.3,Seizure
1642,72.37,10.3,Seizure
1643,77.24,10.22,Seizure
1644,66.98,11.59,Seizure
1645,65.29,9.26,Seizure
1646,98.91,10.69,Seizure
1647,66.98,9.98,Seizure
1648,90.23,10.73,Seizure
1649,56.27,8.65,Seizure
1650,91.15,9.51,Seizure
1651,94.5,8.37,Seizure
1652,92.35,10.18,Seizure
1653,51.35,11.27,Seizure
1654,60.75,10.79,Seizure
1655,57.68,9.94,Seizure
1656,52.86,11.45,Seizure
1657,67.36,9.68,Seizure
1658,76.57,9.47,Seizure
1659,84.18,11.71,Seizure
1660,69.19,10.99,Seizure
1661,65.25,10.37,Seizure
1662,97.53,9.22,Seizure
1663,59.44,9.3,Seizure
1664,86.89,8.16,Seizure
1665,62.33,9.89,Seizure
1666,52.75,11.3,Seizure
1667,63.99,11.52,Seizure
1668,81.05,9.44,Seizure
1669,86.3,11.26,Seizure
1670,94.91,11.81,Seizure
1671,83.22,11.78,Seizure
1672,71.33,8.89,Seizure
1673,54.75,8.48,Seizure
1674,64.42,8.11,Seizure
1675,86.06,8.34,Seizure
1676,68.48,9.8,Seizure
1677,85.09,8.24,Seizure
1678,57.54,10.65,Seizure
1679,51.28,8.09,Seizure
1680,72.22,10.07,Seizure
1681,90.92,8.29,Seizure
1682,56.46,9.03,Seizure
1683,54.41,8.83,Seizure
1684,87.13,8.86,Seizure
1685,72.54,10.82,Seizure
1686,78.71,10.65,Seizure
1687,83.41,8.09,Seizure
1688,74.5,10.08,Seizure
1689,66.57,9.95,Seizure
1690,79.77,10.66,Seizure
1691,70.44,11.16,Seizure
1692,79.19,9.53,Seizure
1693,67.42,8.44,Seizure
1694,71.97,8.27,Seizure
1695,95.79,9.57,Seizure
1696,85.34,8.74,Seizure
1697,97.92,8.68,Seizure
1698,50.71,10.32,Seizure
1699,85.91,10.96,Seizure
1700,83.62,10.79,Seizure
1701,93.16,9.29,Seizure
1702,72.13,9.37,Seizure
1703,95.95,11.11,Seizure
1704,59.81,9.7,Seizure
1705,95.55,9.27,Seizure
1706,65.67,9.08,Seizure
1707,81.01,8.8,Seizure
1708,84.43,11.27,Seizure
1709,75.1,9.73,Seizure
1710,87.75,9.38,Seizure
1711,85.44,8.93,Seizure
1712,96.89,9.1,Seizure
1713,53.89,11.9,Seizure
1714,53.26,8.61,Seizure
1715,76.18,8.15,Seizure
1716,77.28,8.05,Seizure
1717,61.93,8.4,Seizure
1718,61.94,11.97,Seizure
1719,98.35,8.96,Seizure
1720,79.68,11.0,Seizure
1721,89.24,11.9,Seizure
1722,69.44,11.96,Seizure
1723,50.22,10.01,Seizure
1724,64.5,8.26,Seizure
1725,95.16,9.81,Seizure
1726,74.35,11.39,Seizure
1727,58.9,11.22,Seizure
1728,86.2,9.67,Seizure
1729,58.14,8.35,Seizure
1730,95.05,8.09,Seizure
1731,85.09,10.35,Seizure
1732,78.79,11.28,Seizure
1733,84.01,11.4,Seizure
1734,72.43,11.49,Seizure
1735,86.36,8.41,Seizure
1736,96.34,8.06,Seizure
1737,51.65,9.99,Seizure
1738,80.27,9.21,Seizure
1739,66.33,10.56,Seizure
1740,60.13,11.4,Seizure
1741,76.55,10.16,Seizure
1742,71.68,10.02,Seizure
1743,53.8,9.92,Seizure
1744,66.1,10.75,Seizure
1745,76.35,9.18,Seizure
1746,81.04,10.45,Seizure
1747,77.46,10.65,Seizure
1748,68.27,10.35,Seizure
1749,75.03,8.71,Seizure
1750,60.93,8.96,Seizure
1751,61.65,9.82,Seizure
1752,62.49,9.92,Seizure
1753,94.96,11.33,Seizure
1754,72.34,11.31,Seizure
1755,54.29,11.34,Seizure
1756,83.59,9.72,Seizure
1757,73.09,10.65,Seizure
1758,71.25,10.32,Seizure
1759,86.79,10.54,Seizure
1760,81.55,11.44,Seizure
1761,85.07,9.87,Seizure
1762,93.54,11.37,Seizure
1763,70.28,10.88,Seizure
1764,84.63,11.85,Seizure
1765,73.54,10.64,Seizure
1766,78.17,9.4,Seizure
1767,71.45,9.52,Seizure
1768,53.33,8.44,Seizure
1769,95.31,9.71,Seizure
1770,90.24,9.84,Seizure
1771,87.83,8.45,Seizure
1772,85.04,8.49,Seizure
1773,91.47,9.84,Seizure
1774,95.87,11.46,Seizure
1775,70.93,8.29,Seizure
1776,57.06,11.3,Seizure
1777,56.15,11.12,Seizure
1778,81.48,9.26,Seizure
1779,93.32,11.53,Seizure
1780,87.98,10.0,Seizure
1781,59.64,8.59,Seizure
1782,92.65,10.32,Seizure
1783,93.72,8.73,Seizure
1784,97.66,9.83,Seizure
1785,84.08,9.11,Seizure
1786,91.19,8.67,Seizure
1787,58.79,8.96,Seizure
1788,85.36,8.78,Seizure
1789,56.67,9.57,Seizure
1790,65.06,9.08,Seizure
1791,92.3,11.18,Seizure
1792,96.54,9.68,Seizure
1793,93.4,10.06,Seizure
1794,51.33,9.61,Seizure
1795,57.46,10.98,Seizure
1796,63.89,11.91,Seizure
1797,88.79,10.12,Seizure
1798,67.77,11.25,Seizure
1799,57.84,10.12,Seizure
1800,33.03,9.68,Alpha Wave
1801,33.51,8.84,Alpha Wave
1802,23.57,4.75,Theta Wave
1803,30.88,8.34,Alpha Wave
1804,22.86,4.05,Theta Wave
1805,26.46,5.12,Theta Wave
1806,28.57,4.44,Theta Wave
1807,31.75,8.09,Alpha Wave
1808,31.33,11.57,Alpha Wave
1809,22.57,5.23,Theta Wave
1810,33.55,9.18,Alpha Wave
1811,35.51,11.3,Alpha Wave
1812,29.08,6.83,Theta Wave
1813,39.81,11.94,Alpha Wave
1814,26.93,4.48,Theta Wave
1815,27.13,7.5,Theta Wave
1816,27.16,6.72,Theta Wave
1817,33.91,8.28,Alpha Wave
1818,32.08,12.81,Alpha Wave
1819,34.86,9.77,Alpha Wave
1820,21.14,4.44,Theta Wave
1821,25.16,7.7,Theta Wave
1822,23.94,7.31,Theta Wave
1823,22.56,4.91,Theta Wave
1824,28.99,5.11,Theta Wave
1825,36.16,11.03,Alpha Wave
1826,30.56,9.2,Alpha Wave
1827,39.3,10.77,Alpha Wave
1828,39.44,8.94,Alpha Wave
1829,26.0,4.5,Theta Wave
1830,25.83,4.86,Theta Wave
1831,35.27,9.81,Alpha Wave
1832,22.71,6.94,Theta Wave
1833,23.26,4.06,Theta Wave
1834,27.14,7.48,Theta Wave
1835,25.7,5.02,Theta Wave
1836,22.93,4.98,Theta Wave
1837,25.64,5.43,Theta Wave
1838,37.8,12.62,Alpha Wave
1839,39.83,11.16,Alpha Wave
1840,25.89,5.57,Theta Wave
1841,34.77,11.3,Alpha Wave
1842,39.47,10.48,Alpha Wave
1843,25.89,7.31,Theta Wave
1844,38.51,12.99,Alpha Wave
1845,29.4,4.13,Theta Wave
1846,38.67,8.92,Alpha Wave
1847,23.99,6.53,Theta Wave
1848,22.72,5.63,Theta Wave
1849,31.38,12.29,Alpha Wave
1850,37.14,9.79,Alpha Wave
1851,24.06,4.84,Theta Wave
1852,33.91,8.28,Alpha Wave
1853,28.24,4.34,Theta Wave
1854,20.76,4.03,Theta Wave
1855,27.81,5.08,Theta Wave
1856,33.38,12.16,Alpha Wave
1857,25.21,6.67,Theta Wave
1858,20.88,5.91,Theta Wave
1859,29.02,4.3,Theta Wave
1860,20.56,6.53,Theta Wave
1861,23.99,6.64,Theta Wave
1862,20.51,4.12,Theta Wave
1863,32.26,9.37,Alpha Wave
1864,39.32,9.67,Alpha Wave
1865,22.11,5.91,Theta Wave
1866,32.55,9.6,Alpha Wave
1867,32.0,12.54,Alpha Wave
1868,23.53,4.06,Theta Wave
1869,23.6,4.22,Theta Wave
1870,38.42,10.93,Alpha Wave
1871,39.46,11.68,Alpha Wave
1872,36.37,11.32,Alpha Wave
1873,30.15,12.54,Alpha Wave
1874,36.83,10.59,Alpha Wave
1875,21.63,7.84,Theta Wave
1876,29.21,5.51,Theta Wave
1877,25.63,5.23,Theta Wave
1878,25.07,5.44,Theta Wave
1879,39.89,8.04,Alpha Wave
1880,32.22,12.3,Alpha Wave
1881,36.5,8.59,Alpha Wave
1882,37.91,10.13,Alpha Wave
1883,28.47,5.06,Theta Wave
1884,28.33,4.9,Theta Wave
1885,32.19,8.47,Alpha Wave
1886,31.52,10.72,Alpha Wave
1887,36.88,9.61,Alpha Wave
1888,24.07,5.88,Theta Wave
1889,28.69,4.3,Theta Wave
1890,25.14,6.39,Theta Wave
1891,37.17,12.69,Alpha Wave
1892,27.86,5.13,Theta Wave
1893,21.71,6.46,Theta Wave
1894,34.89,11.83,Alpha Wave
1895,31.97,10.52,Alpha Wave
1896,22.64,6.84,Theta Wave
1897,39.86,8.4,Alpha Wave
1898,36.49,11.82,Alpha Wave
1899,30.27,12.69,Alpha Wave
1900,29.88,5.14,Theta Wave
1901,38.04,12.22,Alpha Wave
1902,39.11,8.43,Alpha Wave
1903,32.35,12.81,Alpha Wave
1904,35.2,8.57,Alpha Wave
1905,25.33,6.86,Theta Wave
1906,34.34,12.54,Alpha Wave
1907,31.32,8.9,Alpha Wave
1908,28.07,6.73,Theta Wave
1909,36.32,12.95,Alpha Wave
1910,25.46,5.44,Theta Wave
1911,33.66,9.2,Alpha Wave
1912,28.95,4.24,Theta Wave
1913,36.95,9.71,Alpha Wave
1914,30.53,8.47,Alpha Wave
1915,26.13,6.29,Theta Wave
1916,33.43,11.84,Alpha Wave
1917,31.09,8.79,Alpha Wave
1918,23.36,4.13,Theta Wave
1919,33.87,12.0,Alpha Wave
1920,26.68,4.37,Theta Wave
1921,35.32,12.21,Alpha Wave
1922,26.6,6.3,Theta Wave
1923,28.24,5.36,Theta Wave
1924,39.5,11.33,Alpha Wave
1925,21.73,6.8,Theta Wave
1926,24.36,5.71,Theta Wave
1927,22.52,7.42,Theta Wave
1928,23.94,7.53,Theta Wave
1929,35.72,11.57,Alpha Wave
1930,37.32,8.89,Alpha Wave
1931,27.89,5.86,Theta Wave
1932,21.33,4.36,Theta Wave
1933,31.94,8.12,Alpha Wave
1934,22.57,5.22,Theta Wave
1935,23.44,6.18,Theta Wave
1936,33.66,11.66,Alpha Wave
1937,35.17,8.01,Alpha Wave
1938,21.89,5.98,Theta Wave
1939,35.09,11.24,Alpha Wave
1940,32.52,11.45,Alpha Wave
1941,36.76,11.48,Alpha Wave
1942,23.64,7.83,Theta Wave
1943,32.67,12.11,Alpha Wave
1944,38.9,11.21,Alpha Wave
1945,23.05,4.83,Theta Wave
1946,36.2,8.42,Alpha Wave
1947,38.24,8.25,Alpha Wave
1948,37.84,8.6,Alpha Wave
1949,28.41,5.24,Theta Wave
1950,25.63,6.23,Theta Wave
1951,38.35,8.79,Alpha Wave
1952,30.2,11.72,Alpha Wave
1953,30.88,9.33,Alpha Wave
1954,35.95,10.18,Alpha Wave
1955,21.55,7.37,Theta Wave
1956,37.07,11.16,Alpha Wave
1957,30.98,9.41,Alpha Wave
1958,34.19,8.41,Alpha Wave
1959,31.62,8.65,Alpha Wave
1960,31.9,12.44,Alpha Wave
1961,37.0,12.27,Alpha Wave
1962,23.4,6.19,Theta Wave
1963,33.55,8.09,Alpha Wave
1964,38.34,11.34,Alpha Wave
1965,39.41,8.48,Alpha Wave
1966,34.98,11.31,Alpha Wave
1967,39.26,12.44,Alpha Wave
1968,29.84,7.02,Theta Wave
1969,33.88,12.65,Alpha Wave
1970,39.19,9.1,Alpha Wave
1971,25.34,4.87,Theta Wave
1972,28.66,5.34,Theta Wave
1973,39.71,12.44,Alpha Wave
1974,38.65,11.27,Alpha Wave
1975,40.0,12.28,Alpha Wave
1976,36.61,8.54,Alpha Wave
1977,26.41,6.82,Theta Wave
1978,30.14,11.93,Alpha Wave
1979,26.59,4.94,Theta Wave
1980,38.71,11.71,Alpha Wave
1981,38.27,8.19,Alpha Wave
1982,28.53,7.46,Theta Wave
1983,31.09,9.31,Alpha Wave
1984,33.48,12.35,Alpha Wave
1985,35.75,12.79,Alpha Wave
1986,35.5,9.22,Alpha Wave
1987,29.65,4.84,Theta Wave
1988,37.44,10.48,Alpha Wave
1989,25.84,6.04,Theta Wave
1990,25.33,4.19,Theta Wave
1991,21.77,6.16,Theta Wave
1992,29.72,4.2,Theta Wave
1993,23.96,4.89,Theta Wave
1994,32.09,9.55,Alpha Wave
1995,31.96,11.1,Alpha Wave
1996,20.16,4.68,Theta Wave
1997,20.45,6.4,Theta Wave
1998,36.34,12.97,Alpha Wave
1999,26.83,4.75,Theta Wave
2000,57.41,9.18,Seizure
2001,71.93,10.82,Seizure
2002,89.48,9.72,Seizure
2003,83.34,8.62,Seizure
2004,59.2,10.56,Seizure
2005,71.52,11.77,Seizure
2006,94.36,11.88,Seizure
2007,72.95,11.91,Seizure
2008,65.61,8.04,Seizure
2009,98.55,9.31,Seizure
2010,69.15,9.09,Seizure
2011,57.51,11.3,Seizure
2012,71.19,9.43,Seizure
2013,92.99,10.75,Seizure
2014,61.78,8.94,Seizure
2015,62.85,8.92,Seizure
2016,88.12,8.11,Seizure
2017,60.97,8.33,Seizure
2018,75.42,9.19,Seizure
2019,51.35,8.23,Seizure
2020,80.86,11.66,Seizure
2021,68.78,9.91,Seizure
2022,61.52,9.38,Seizure
2023,92.72,9.54,Seizure
2024,83.87,10.94,Seizure
2025,70.22,8.92,Seizure
2026,72.08,9.58,Seizure
2027,62.62,8.95,Seizure
2028,75.36,11.37,Seizure
2029,96.21,8.49,Seizure
2030,69.86,11.04,Seizure
2031,74.58,10.94,Seizure
2032,50.36,10.76,Seizure
2033,90.31,9.42,Seizure
2034,90.71,8.65,Seizure
2035,96.78,8.69,Seizure
2036,93.79,11.76,Seizure
2037,65.46,9.69,Seizure
2038,50.76,8.38,Seizure
2039,51.94,10.54,Seizure
2040,54.98,10.62,Seizure
2041,70.15,11.74,Seizure
2042,62.61,10.98,Seizure
2043,61.39,11.85,Seizure
2044,87.06,9.25,Seizure
2045,81.94,8.45,Seizure
2046,91.75,8.38,Seizure
2047,86.32,10.76,Seizure
2048,57.04,10.36,Seizure
2049,80.92,9.17,Seizure
2050,84.53,11.1,Seizure
2051,93.84,11.1,Seizure
2052,65.6,10.23,Seizure
2053,86.43,8.94,Seizure
2054,87.63,9.22,Seizure
2055,93.67,10.53,Seizure
2056,77.42,8.51,Seizure
2057,57.23,8.39,Seizure
2058,50.28,11.64,Seizure
2059,57.62,10.77,Seizure
2060,53.05,8.61,Seizure
2061,68.01,10.52,Seizure
2062,89.62,11.6,Seizure
2063,82.8,8.72,Seizure
2064,66.49,11.35,Seizure
2065,63.03,9.53,Seizure
2066,79.01,8.92,Seizure
2067,51.99,11.81,Seizure
2068,66.33,8.77,Seizure
2069,61.63,10.21,Seizure
2070,83.28,8.41,Seizure
2071,98.72,8.76,Seizure
2072,64.98,11.41,Seizure
2073,59.51,11.58,Seizure
2074,63.99,11.63,Seizure
2075,59.63,10.74,Seizure
2076,52.89,10.04,Seizure
2077,50.41,11.65,Seizure
2078,53.32,10.76,Seizure
2079,94.48,10.03,Seizure
2080,84.08,10.9,Seizure
2081,83.91,9.46,Seizure
2082,83.59,11.3,Seizure
2083,78.54,11.72,Seizure
2084,60.46,11.32,Seizure
2085,56.52,10.16,Seizure
2086,53.51,10.24,Seizure
2087,89.46,11.6,Seizure
2088,74.26,11.79,Seizure
2089,67.84,11.6,Seizure
2090,95.02,11.93,Seizure
2091,59.64,10.95,Seizure
2092,54.2,8.04,Seizure
2093,58.98,9.74,Seizure
2094,85.03,8.58,Seizure
2095,74.06,10.57,Seizure
2096,59.03,9.89,Seizure
2097,91.52,8.58,Seizure
2098,69.88,8.3,Seizure
2099,80.41,10.72,Seizure
2100,66.17,10.88,Seizure
2101,63.53,8.19,Seizure
2102,80.18,9.46,Seizure
2103,88.35,9.5,Seizure
2104,64.57,9.95,Seizure
2105,52.26,9.59,Seizure
2106,63.99,11.93,Seizure
2107,76.58,10.48,Seizure
2108,54.21,8.72,Seizure
2109,75.77,8.02,Seizure
2110,81.07,11.15,Seizure
2111,71.31,11.66,Seizure
2112,99.7,10.13,Seizure
2113,82.28,10.7,Seizure
2114,63.13,11.0,Seizure
2115,99.25,9.86,Seizure
2116,56.5,8.02,Seizure
2117,66.42,8.81,Seizure
2118,60.34,10.89,Seizure
2119,72.85,10.58,Seizure
2120,50.86,8.28,Seizure
2121,94.52,9.9,Seizure
2122,75.43,11.02,Seizure
2123,51.5,11.11,Seizure
2124,65.9,9.94,Seizure
2125,81.33,10.46,Seizure
2126,77.1,10.82,Seizure
2127,66.63,10.11,Seizure
2128,63.62,9.59,Seizure
2129,90.42,9.08,Seizure
2130,51.34,8.35,Seizure
2131,79.52,11.64,Seizure
2132,63.89,8.99,Seizure
2133,95.66,9.82,Seizure
2134,62.83,8.81,Seizure
2135,62.06,10.29,Seizure
2136,75.97,8.59,Seizure
2137,73.57,8.76,Seizure
2138,87.98,10.01,Seizure
2139,88.34,10.71,Seizure
2140,83.47,9.05,Seizure
2141,65.3,11.65,Seizure
2142,93.98,8.1,Seizure
2143,70.53,11.29,Seizure
2144,76.91,9.11,Seizure
2145,55.54,9.47,Seizure
2146,83.37,11.56,Seizure
2147,80.96,9.86,Seizure
2148,97.52,11.58,Seizure
2149,66.15,8.36,Seizure
2150,79.85,10.88,Seizure
2151,83.41,9.17,Seizure
2152,96.68,8.29,Seizure
2153,85.83,8.13,Seizure
2154,54.85,11.15,Seizure
2155,95.21,9.32,Seizure
2156,79.77,10.98,Seizure
2157,85.96,10.87,Seizure
2158,85.53,9.15,Seizure
2159,64.47,8.42,Seizure
2160,54.41,10.3,Seizure
2161,95.61,11.37,Seizure
2162,54.31,9.44,Seizure
2163,61.07,9.13,Seizure
2164,71.46,10.75,Seizure
2165,91.99,9.94,Seizure
2166,98.11,9.69,Seizure
2167,70.25,9.36,Seizure
2168,77.95,9.18,Seizure
2169,98.51,9.73,Seizure
2170,68.12,9.54,Seizure
2171,57.72,8.85,Seizure
2172,72.93,11.36,Seizure
2173,82.08,9.66,Seizure
2174,63.78,10.08,Seizure
2175,67.1,8.29,Seizure
2176,90.53,10.27,Seizure
2177,74.46,9.41,Seizure
2178,75.49,8.91,Seizure
2179,61.47,11.51,Seizure
2180,75.39,9.51,Seizure
2181,86.42,11.03,Seizure
2182,62.38,8.31,Seizure
2183,99.86,9.89,Seizure
2184,50.65,11.25,Seizure
2185,51.26,9.31,Seizure
2186,91.91,8.8,Seizure
2187,94.68,10.16,Seizure
2188,83.2,10.18,Seizure
2189,89.71,10.47,Seizure
2190,67.03,11.67,Seizure
2191,78.62,10.66,Seizure
2192,55.24,8.55,Seizure
2193,79.7,10.37,Seizure
2194,93.75,11.14,Seizure
2195,96.7,10.41,Seizure
2196,79.73,8.73,Seizure
2197,83.34,8.1,Seizure
2198,65.92,10.32,Seizure
2199,55.33,9.41,Seizure
2200,24.86,5.4,Theta Wave
2201,20.84,4.25,Theta Wave
2202,35.32,9.22,Alpha Wave
2203,30.48,10.13,Alpha Wave
2204,21.98,4.32,Theta Wave
2205,31.38,8.91,Alpha Wave
2206,27.81,7.05,Theta Wave
2207,26.18,5.15,Theta Wave
2208,25.28,7.58,Theta Wave
2209,37.78,11.11,Alpha Wave
2210,20.16,4.4,Theta Wave
2211,30.48,12.36,Alpha Wave
2212,37.8,9.46,Alpha Wave
2213,27.17,7.24,Theta Wave
2214,39.43,9.02,Alpha Wave
2215,22.15,6.44,Theta Wave
2216,38.78,9.42,Alpha Wave
2217,38.38,8.13,Alpha Wave
2218,39.41,10.7,Alpha Wave
2219,29.87,6.88,Theta Wave
2220,32.64,11.87,Alpha Wave
2221,27.47,6.78,Theta Wave
2222,35.81,11.85,Alpha Wave
2223,26.68,7.47,Theta Wave
2224,27.98,4.61,Theta Wave
2225,23.96,4.1,Theta Wave
2226,35.42,8.2,Alpha Wave
2227,21.94,5.36,Theta Wave
2228,34.55,9.18,Alpha Wave
2229,25.87,6.65,Theta Wave
2230,23.62,4.67,Theta Wave
2231,36.56,10.18,Alpha Wave
2232,21.19,5.41,Theta Wave
2233,26.94,6.4,Theta Wave
2234,34.12,8.39,Alpha Wave
2235,37.58,9.75,Alpha Wave
2236,25.56,6.33,Theta Wave
2237,21.72,6.65,Theta Wave
2238,31.86,10.21,Alpha Wave
2239,37.95,10.35,Alpha Wave
2240,30.67,8.54,Alpha Wave
2241,35.23,12.06,Alpha Wave
2242,28.49,4.69,Theta Wave
2243,21.68,4.28,Theta Wave
2244,37.03,11.32,Alpha Wave
2245,36.5,8.06,Alpha Wave
2246,26.4,4.41,Theta Wave
2247,28.3,5.72,Theta Wave
2248,21.51,4.29,Theta Wave
2249,21.3,7.61,Theta Wave
2250,24.08,7.83,Theta Wave
2251,28.5,6.06,Theta Wave
2252,28.0,7.57,Theta Wave
2253,24.6,5.36,Theta Wave
2254,20.23,7.49,Theta Wave
2255,39.42,9.32,Alpha Wave
2256,23.89,5.74,Theta Wave
2257,27.34,6.17,Theta Wave
2258,23.24,5.74,Theta Wave
2259,37.6,12.79,Alpha Wave
2260,26.14,4.47,Theta Wave
2261,23.38,5.46,Theta Wave
2262,24.46,5.77,Theta Wave
2263,29.19,4.36,Theta Wave
2264,39.11,10.81,Alpha Wave
2265,22.27,7.26,Theta Wave
2266,35.88,11.15,Alpha Wave
2267,24.57,4.85,Theta Wave
2268,36.32,8.94,Alpha Wave
2269,31.79,10.27,Alpha Wave
2270,26.32,7.39,Theta Wave
2271,35.18,12.63,Alpha Wave
2272,38.42,10.57,Alpha Wave
2273,33.78,12.35,Alpha Wave
2274,28.69,6.09,Theta Wave
2275,24.41,5.1,Theta Wave
2276,36.09,9.34,Alpha Wave
2277,23.91,5.3,Theta Wave
2278,30.68,11.8,Alpha Wave
2279,28.36,6.62,Theta Wave
2280,30.04,12.04,Alpha Wave
2281,20.54,5.22,Theta Wave
2282,22.31,4.06,Theta Wave
2283,32.03,10.38,Alpha Wave
2284,30.67,8.98,Alpha Wave
2285,21.5,4.65,Theta Wave
2286,34.16,11.68,Alpha Wave
2287,34.19,10.74,Alpha Wave
2288,37.01,11.15,Alpha Wave
2289,22.86,4.6,Theta Wave
2290,29.34,4.85,Theta Wave
2291,33.55,8.69,Alpha Wave
2292,30.79,9.89,Alpha Wave
2293,34.65,12.21,Alpha Wave
2294,20.81,6.27,Theta Wave
2295,21.95,7.77,Theta Wave
2296,24.34,7.4,Theta Wave
2297,23.96,6.17,Theta Wave
2298,34.67,12.29,Alpha Wave
2299,21.88,5.29,Theta Wave
2300,33.18,9.64,Alpha Wave
2301,23.42,7.09,Theta Wave
2302,33.91,11.79,Alpha Wave
2303,22.05,5.8,Theta Wave
2304,28.41,5.01,Theta Wave
2305,29.12,6.04,Theta Wave
2306,21.55,5.52,Theta Wave
2307,27.83,5.16,Theta Wave
2308,30.06,8.02,Alpha Wave
2309,29.96,7.74,Theta Wave
2310,39.76,8.69,Alpha Wave
2311,20.88,5.79,Theta Wave
2312,31.74,9.72,Alpha Wave
2313,25.73,7.83,Theta Wave
2314,29.1,4.28,Theta Wave
2315,33.52,12.43,Alpha Wave
2316,24.68,5.01,Theta Wave
2317,39.58,8.21,Alpha Wave
2318,25.91,5.39,Theta Wave
2319,20.27,4.75,Theta Wave
2320,25.73,4.33,Theta Wave
2321,30.91,9.08,Alpha Wave
2322,38.59,11.96,Alpha Wave
2323,26.02,5.27,Theta Wave
2324,39.32,11.86,Alpha Wave
2325,36.31,9.12,Alpha Wave
2326,26.92,4.09,Theta Wave
2327,39.33,8.75,Alpha Wave
2328,24.71,6.62,Theta Wave
2329,32.22,9.09,Alpha Wave
2330,21.92,6.07,Theta Wave
2331,20.68,4.76,Theta Wave
2332,24.38,5.67,Theta Wave
2333,25.65,4.1,Theta Wave
2334,35.35,12.45,Alpha Wave
2335,22.74,4.94,Theta Wave
2336,30.43,10.27,Alpha Wave
2337,26.73,7.6,Theta Wave
2338,33.23,11.93,Alpha Wave
2339,22.66,7.99,Theta Wave
2340,24.83,7.43,Theta Wave
2341,20.03,7.45,Theta Wave
2342,30.82,10.72,Alpha Wave
2343,25.61,4.23,Theta Wave
2344,31.22,11.71,Alpha Wave
2345,31.78,9.88,Alpha Wave
2346,21.83,6.2,Theta Wave
2347,31.83,8.48,Alpha Wave
2348,35.4,10.56,Alpha Wave
2349,32.67,12.14,Alpha Wave
2350,22.45,4.16,Theta Wave
2351,26.4,5.09,Theta Wave
2352,32.88,8.81,Alpha Wave
2353,28.91,4.44,Theta Wave
2354,29.94,5.08,Theta Wave
2355,28.01,4.43,Theta Wave
2356,31.21,11.11,Alpha Wave
2357,24.04,6.73,Theta Wave
2358,32.0,11.7,Alpha Wave
2359,38.3,9.67,Alpha Wave
2360,22.33,7.68,Theta Wave
2361,26.54,5.8,Theta Wave
2362,21.13,5.09,Theta Wave
2363,32.78,8.42,Alpha Wave
2364,38.14,12.96,Alpha Wave
2365,39.06,12.55,Alpha Wave
2366,35.64,10.85,Alpha Wave
2367,25.0,4.58,Theta Wave
2368,24.95,4.84,Theta Wave
2369,21.82,6.69,Theta Wave
2370,20.95,7.67,Theta Wave
2371,24.55,4.71,Theta Wave
2372,24.32,6.42,Theta Wave
2373,27.07,6.02,Theta Wave
2374,28.0,5.74,Theta Wave
2375,36.79,11.48,Alpha Wave
2376,28.87,6.18,Theta Wave
2377,27.58,5.59,Theta Wave
2378,29.98,5.5,Theta Wave
2379,21.95,6.14,Theta Wave
2380,39.99,9.4,Alpha Wave
2381,39.51,11.95,Alpha Wave
2382,23.7,4.63,Theta Wave
2383,27.97,6.94,Theta Wave
2384,22.4,7.68,Theta Wave
2385,33.26,10.93,Alpha Wave
2386,32.17,10.05,Alpha Wave
2387,21.66,5.2,Theta Wave
2388,33.06,11.43,Alpha Wave
2389,28.72,4.03,Theta Wave
2390,35.07,10.19,Alpha Wave
2391,24.42,6.72,Theta Wave
2392,27.89,5.22,Theta Wave
2393,25.03,5.27,Theta Wave
2394,36.41,9.68,Alpha Wave
2395,37.59,8.69,Alpha Wave
2396,37.45,11.98,Alpha Wave
2397,38.31,9.02,Alpha Wave
2398,37.13,10.97,Alpha Wave
2399,31.39,12.52,Alpha Wave
2400,71.63,11.44,Seizure
2401,55.5,11.55,Seizure
2402,68.8,11.14,Seizure
2403,99.97,9.25,Seizure
2404,84.78,11.85,Seizure
2405,65.53,10.94,Seizure
2406,91.17,9.56,Seizure
2407,50.16,8.86,Seizure
2408,56.9,8.81,Seizure
2409,88.91,11.9,Seizure
2410,66.71,8.38,Seizure
2411,68.1,11.95,Seizure
2412,67.33,9.89,Seizure
2413,94.96,9.49,Seizure
2414,68.73,8.15,Seizure
2415,64.97,10.17,Seizure
2416,94.68,11.88,Seizure
2417,94.72,10.01,Seizure
2418,68.77,8.26,Seizure
2419,85.96,10.09,Seizure
2420,92.57,11.59,Seizure
2421,86.77,9.69,Seizure
2422,76.63,10.39,Seizure
2423,77.6,8.29,Seizure
2424,99.31,8.41,Seizure
2425,64.55,11.05,Seizure
2426,98.52,10.52,Seizure
2427,51.28,10.65,Seizure
2428,93.38,12.0,Seizure
2429,75.6,11.68,Seizure
2430,55.03,8.34,Seizure
2431,97.24,8.36,Seizure
2432,69.28,9.07,Seizure
2433,86.4,9.44,Seizure
2434,68.1,9.74,Seizure
2435,72.49,8.28,Seizure
2436,92.05,11.72,Seizure
2437,98.69,9.44,Seizure
2438,96.01,11.07,Seizure
2439,66.53,9.43,Seizure
2440,89.86,8.63,Seizure
2441,50.09,11.25,Seizure
2442,93.35,11.99,Seizure
2443,61.18,8.92,Seizure
2444,68.75,11.67,Seizure
2445,55.85,11.4,Seizure
2446,94.01,11.83,Seizure
2447,96.74,10.95,Seizure
2448,53.04,8.57,Seizure
2449,68.33,11.27,Seizure
2450,94.09,10.87,Seizure
2451,57.79,8.14,Seizure
2452,97.67,8.86,Seizure
2453,73.54,10.09,Seizure
2454,69.1,11.78,Seizure
2455,52.77,11.15,Seizure
2456,81.53,11.88,Seizure
2457,78.02,8.48,Seizure
2458,69.19,10.03,Seizure
2459,94.33,10.73,Seizure
2460,74.05,11.46,Seizure
2461,87.28,11.44,Seizure
2462,81.43,8.12,Seizure
2463,87.62,9.31,Seizure
2464,95.4,11.02,Seizure
2465,54.9,8.08,Seizure
2466,92.82,11.59,Seizure
2467,82.14,8.57,Seizure
2468,84.02,10.45,Seizure
2469,79.18,9.35,Seizure
2470,67.48,11.16,Seizure
2471,89.48,8.67,Seizure
2472,95.5,8.5,Seizure
2473,81.1,11.02,Seizure
2474,64.46,9.06,Seizure
2475,88.63,11.08,Seizure
2476,95.45,11.41,Seizure
2477,86.66,8.05,Seizure
2478,55.56,11.3,Seizure
2479,64.09,11.21,Seizure
2480,99.87,9.75,Seizure
2481,91.43,9.04,Seizure
2482,66.06,8.77,Seizure
2483,65.23,11.29,Seizure
2484,52.22,8.84,Seizure
2485,79.61,10.05,Seizure
2486,98.68,10.1,Seizure
2487,83.65,9.79,Seizure
2488,77.2,10.07,Seizure
2489,82.69,9.59,Seizure
2490,74.06,8.93,Seizure
2491,71.72,9.13,Seizure
2492,71.62,10.75,Seizure
2493,61.87,10.19,Seizure
2494,58.94,11.85,Seizure
2495,58.51,8.47,Seizure
2496,77.69,10.13,Seizure
2497,87.93,9.22,Seizure
2498,89.59,10.56,Seizure
2499,65.04,10.69,Seizure
